Circuits and Electronics,"Science, Technology, Engineering, and Mathematics"
Introduction to Computer Science and Programming,Computer Science
Introduction to Solid State Chemistry,"Science, Technology, Engineering, and Mathematics"
Introduction to Computer Science,Computer Science
Health in Numbers: Quantitative Methods in Clinical and Public Health Research,"Government, Health, and Social Science"
Introduction to Computer Science and Programming,Computer Science
Introduction to Solid State Chemistry,"Science, Technology, Engineering, and Mathematics"
The Challenges of Global Poverty,"Government, Health, and Social Science"
Electricity and Magnetism,"Science, Technology, Engineering, and Mathematics"
Justice,"Humanities, History, Design, Religion, and Education"
Circuits and Electronics,"Science, Technology, Engineering, and Mathematics"
Introduction to Biology: Secret of Life,"Science, Technology, Engineering, and Mathematics"
The Ancient Greek Hero,"Humanities, History, Design, Religion, and Education"
Elements of Structures,"Science, Technology, Engineering, and Mathematics"
Human Health and Global Environmental Change,"Government, Health, and Social Science"
Mechanics ReView,"Science, Technology, Engineering, and Mathematics"
Introduction to Solid State Chemistry,"Science, Technology, Engineering, and Mathematics"
The Ancient Greek Hero,"Humanities, History, Design, Religion, and Education"
Classical Mechanics,"Science, Technology, Engineering, and Mathematics"
Introduction to Biology: Secret of Life,"Science, Technology, Engineering, and Mathematics"
Innovation and Commercialization,"Government, Health, and Social Science"
Global Architecture,"Humanities, History, Design, Religion, and Education"
"Central Challenges in American National Security, Strategy and the Press: An Introduction","Government, Health, and Social Science"
"Introduction to Philosophy: God, Knowledge and Consciousness","Humanities, History, Design, Religion, and Education"
Science and Cooking: From Haute Cuisine to Soft Matter Science,"Science, Technology, Engineering, and Mathematics"
Fundamentals of Clinical Trials,"Government, Health, and Social Science"
Circuits and Electronics,"Science, Technology, Engineering, and Mathematics"
Introduction to Computer Science and Programming,Computer Science
Dynamics and Control I,"Science, Technology, Engineering, and Mathematics"
The Political and Intellectual Foundations of China,"Humanities, History, Design, Religion, and Education"
Poetry in America: The Poetry of Early New England,"Humanities, History, Design, Religion, and Education"
Health and Society,"Government, Health, and Social Science"
Introduction to Computer Science,Computer Science
The Creation and End of a Centralized Empire,"Humanities, History, Design, Religion, and Education"
Early Christianity: The Letters of Paul,"Humanities, History, Design, Religion, and Education"
Poetry in America: Whitman,"Humanities, History, Design, Religion, and Education"
Building Mobile Experiences,Computer Science
Challenges of World Poverty,"Government, Health, and Social Science"
Introduction to Probability: The Science of Uncertainty,"Science, Technology, Engineering, and Mathematics"
Cosmopolitan Tang: Aristocratic Culture,"Humanities, History, Design, Religion, and Education"
Global Warming Science,"Science, Technology, Engineering, and Mathematics"
Introduction to Computer Science and Programming,Computer Science
Global Health: Case Studies from a Biosocial Perspective,"Government, Health, and Social Science"
The Analytics Edge,"Government, Health, and Social Science"
Flight Vehicle Aerodynamics,"Science, Technology, Engineering, and Mathematics"
Introduction to Computational Thinking and Data Science,Computer Science
Unlocking the Immunity to Change,"Humanities, History, Design, Religion, and Education"
Entrepreneurship 101: Who Is Your Customer?,"Government, Health, and Social Science"
A New National Culture,"Humanities, History, Design, Religion, and Education"
HarvardX for Alumni: Explorations in Learning,"Humanities, History, Design, Religion, and Education"
Innovating in Health Care,"Government, Health, and Social Science"
Evaluating Social Programs,"Government, Health, and Social Science"
Data Analysis for Genomics,"Government, Health, and Social Science"
United States Health Policy,"Government, Health, and Social Science"
Justice,"Humanities, History, Design, Religion, and Education"
Street Fighting Math,"Science, Technology, Engineering, and Mathematics"
From Global Empire to Global Economy,"Humanities, History, Design, Religion, and Education"
Big Data and Social Physics,"Government, Health, and Social Science"
Introduction to Solid State Chemistry,"Science, Technology, Engineering, and Mathematics"
The Last Empire,"Humanities, History, Design, Religion, and Education"
Mechanics Review,"Science, Technology, Engineering, and Mathematics"
Tangible Things,"Humanities, History, Design, Religion, and Education"
Elements of Structures,"Science, Technology, Engineering, and Mathematics"
Introduction to Computer Science and Programming,Computer Science
Quantitative Biology Workshop,"Science, Technology, Engineering, and Mathematics"
Introduction to Biology: Secret of Life,"Science, Technology, Engineering, and Mathematics"
Introduction to Biology: Secret of Life,"Science, Technology, Engineering, and Mathematics"
Leaders of Learning,"Humanities, History, Design, Religion, and Education"
Circuits and Electronics,"Science, Technology, Engineering, and Mathematics"
Introduction to Computer Science and Programming,Computer Science
The Ancient Greek Hero in 24 Hours (Hours 1-5): Epic and Lyric,"Humanities, History, Design, Religion, and Education"
"Visualizing Japan (1850s-1930s): Westernization, Protest, Modernity","Humanities, History, Design, Religion, and Education"
Mechanical Behavior of Materials,"Science, Technology, Engineering, and Mathematics"
Introduction to Solid State Chemistry,"Science, Technology, Engineering, and Mathematics"
"Invasions, Rebellions, and the end of Imperial China","Humanities, History, Design, Religion, and Education"
"Saving Schools: History, Politics, and Policy of U.S. Education – History and Politics in U.S. Education","Humanities, History, Design, Religion, and Education"
Poetry in America: The Poetry of Early New England,"Humanities, History, Design, Religion, and Education"
The Ancient Greek Hero in 24 Hours (Hours 6-11): Signs of the Hero in Epic and Iconography,"Humanities, History, Design, Religion, and Education"
Unlocking the Immunity to Change: A New Approach to Personal Improvement,"Humanities, History, Design, Religion, and Education"
Improving Global Health: Focusing on Quality and Safety,"Government, Health, and Social Science"
Effective Field Theory,"Science, Technology, Engineering, and Mathematics"
A Global History of Architecture,"Humanities, History, Design, Religion, and Education"
AnatomyX: Musculoskeletal Cases,"Science, Technology, Engineering, and Mathematics"
Supply Chain and Logistics Fundamentals,"Government, Health, and Social Science"
"Introduction to Philosophy: God, Knowledge and Consciousness","Humanities, History, Design, Religion, and Education"
Evaluating Social Programs,"Government, Health, and Social Science"
Underactuated Robotics,"Science, Technology, Engineering, and Mathematics"
The Ancient Greek Hero in 24 Hours (Hours 12-15): Cult of Heroes,"Humanities, History, Design, Religion, and Education"
Design and Development of Educational Technology,"Humanities, History, Design, Religion, and Education"
Creating China: The Birth of a Nation,"Humanities, History, Design, Religion, and Education"
Introduction to Computational Thinking and Data Science,Computer Science
The Ancient Greek Hero in 24 Hours (Hours 16-21): The Hero in Tragedy,"Humanities, History, Design, Religion, and Education"
"Poetry in America: Nature and Nation, American Poetry, 1700-1850","Humanities, History, Design, Religion, and Education"
Introduction to Game Design,"Humanities, History, Design, Religion, and Education"
"Saving Schools: History, Politics, and Policy in U.S. Education – Teacher Policies","Humanities, History, Design, Religion, and Education"
Entrepreneurship and Healthcare in Emerging Economies,"Government, Health, and Social Science"
The Ancient Greek Hero: Plato and Beyond,"Humanities, History, Design, Religion, and Education"
"Light, Spike, and Sight: The Neuroscience of Vision","Science, Technology, Engineering, and Mathematics"
Communist Liberations,"Humanities, History, Design, Religion, and Education"
Introduction to Computer Science,Computer Science
"Greater China Today: The Peoples Republic, Taiwan, and Hong Kong","Humanities, History, Design, Religion, and Education"
"Saving Schools: History, Politics, and Policy of U.S. Education – Accountability and National Standards","Humanities, History, Design, Religion, and Education"
Poetry in America: Walt Whitman,"Humanities, History, Design, Religion, and Education"
Introduction to Computer Science and Programming Using Python,Computer Science
"Transforming Business, Society, and Self","Government, Health, and Social Science"
ContractsX: From Trust to Promise to Contract,"Government, Health, and Social Science"
Advanced Introductory Classical Mechanics,"Science, Technology, Engineering, and Mathematics"
Entrepreneurship 101: Who Is Your Customer?,"Government, Health, and Social Science"
Entrepreneurship 102: What Can You Do For Your Customer?,"Government, Health, and Social Science"
Quantitative Biology Workshop,"Science, Technology, Engineering, and Mathematics"
Innovation and Commercialization,"Government, Health, and Social Science"
Data Analysis for Genomics: Statistics and R for the Life Sciences,"Government, Health, and Social Science"
Circuits and Electronics,"Science, Technology, Engineering, and Mathematics"
Building Mobile Experiences,Computer Science
The Challenges of Global Poverty,"Government, Health, and Social Science"
Introduction to Probability: The Science of Uncertainty,"Science, Technology, Engineering, and Mathematics"
Discrete-Time Signal Processing,"Science, Technology, Engineering, and Mathematics"
"Saving Schools: History, Politics, and Policy in U.S. Education","Humanities, History, Design, Religion, and Education"
Super-Earths and Life,"Science, Technology, Engineering, and Mathematics"
"Symmetry, Structure and Tensor Properties of Materials","Science, Technology, Engineering, and Mathematics"
Mastering Quantum Mechanics,"Science, Technology, Engineering, and Mathematics"
The Einstein Revolution,"Humanities, History, Design, Religion, and Education"
"Central Challenges in American National Security, Strategy and the Press","Government, Health, and Social Science"
Introduction to Linear Models and Matrix Algebra,"Government, Health, and Social Science"
Introduction to Solid State Chemistry,"Science, Technology, Engineering, and Mathematics"
Advanced Statistics for the Life Sciences,"Government, Health, and Social Science"
Computation Structures: Digital Circuits,Computer Science
The Analytics Edge,"Government, Health, and Social Science"
Introduction to Aerospace Engineering: Astronautics and Human Spaceflight,"Science, Technology, Engineering, and Mathematics"
Introduction to Computational Thinking and Data Science,Computer Science
JuryX: Deliberations for Social Change,"Government, Health, and Social Science"
Molecular Biology: DNA Replication and Repair,"Science, Technology, Engineering, and Mathematics"
Poetry in America: Emily Dickinson,"Humanities, History, Design, Religion, and Education"
The American Dream for the Next Generation,"Government, Health, and Social Science"
Introduction to Bioconductor,"Government, Health, and Social Science"
Entrepreneurship 101: Who Is Your Customer?,"Government, Health, and Social Science"
Design and Development of Games for Learning,"Humanities, History, Design, Religion, and Education"
Evaluating Social Programs,"Government, Health, and Social Science"
"Electrical, Optical and Magnetic Materials and Devices","Science, Technology, Engineering, and Mathematics"
"Data Analysis for Genomics: Case Study, RNA Sequence Data Analysis","Government, Health, and Social Science"
"Data Analysis for Genomics: Case study, Variant Discovery and Genotyping","Government, Health, and Social Science"
"Data Analysis for Genomics: Case study, ChIP Sequence Data Analysis","Government, Health, and Social Science"
"Data Analysis for Genomics: Case study, DNA Methylation Data Analysis","Government, Health, and Social Science"
Entrepreneurship 102: What Can You Do For Your Customer?,"Government, Health, and Social Science"
Innovating in Health Care,"Government, Health, and Social Science"
Poetry in America: The Civil War and Its Aftermath,"Humanities, History, Design, Religion, and Education"
Introduction to Data Wise: A Collaborative Process to Improve Learning and Teaching,"Humanities, History, Design, Religion, and Education"
Supply Chain and Logistics Fundamentals,"Government, Health, and Social Science"
Advanced Introductory Classical Mechanics,"Science, Technology, Engineering, and Mathematics"
User Innovation: A Path to Entrepreneurship,"Government, Health, and Social Science"
Calculus: Differentiation,"Science, Technology, Engineering, and Mathematics"
The Analytics Edge,"Government, Health, and Social Science"
Paradox and Infinity,"Humanities, History, Design, Religion, and Education"
Introduction to Computer Science and Programming,Computer Science
Making Science and Engineering Pictures: A Practical Guide to Presenting Your Work,"Science, Technology, Engineering, and Mathematics"
Principles of Biochemistry,"Science, Technology, Engineering, and Mathematics"
Science and Cooking: From Haute Cuisine to Soft Matter Science,"Science, Technology, Engineering, and Mathematics"
Making Biologic Medicines for Patients: The Principles of Biopharmaceutical Manufacturing,"Government, Health, and Social Science"
Implementation and Evaluation of Educational Technology,"Humanities, History, Design, Religion, and Education"
Molecular Biology: DNA Replication and Repair,"Science, Technology, Engineering, and Mathematics"
Tangible Things,"Humanities, History, Design, Religion, and Education"
Introduction to Computer Science and Programming Using Python,Computer Science
Computation Structures: Digital Circuits,Computer Science
Introduction to American Government,"Government, Health, and Social Science"
Introduction to Solid State Chemistry,"Science, Technology, Engineering, and Mathematics"
Mechanical Behavior of Materials: Linear Elastic Behavior,"Science, Technology, Engineering, and Mathematics"
"Transforming Business, Society, and Self","Government, Health, and Social Science"
"Visualizing Japan (1850s-1930s): Westernization, Protest, Modernity","Humanities, History, Design, Religion, and Education"
History of the Book: Making and Meaning in the Medieval Manuscript,"Humanities, History, Design, Religion, and Education"
History of the Book: Scrolls in the Age of the Book,"Humanities, History, Design, Religion, and Education"
"History of the Book: Print and Manuscript in Western Europe, Asia and the Middle East (1450-1650)","Humanities, History, Design, Religion, and Education"
History of the Book: The History of the Book in the 17th and 18th Century Europe,"Humanities, History, Design, Religion, and Education"
History of the Book: Book Sleuthing: What 19th-Century Books Can Tell Us About the Rise of the Reading Public,"Humanities, History, Design, Religion, and Education"
"History of the Book: Monasteries, Schools, and Notaries, Part 1: Reading the Late Medieval Marseille Archive","Humanities, History, Design, Religion, and Education"
"History of the Book: Monasteries, Schools, and Notaries, Part 2: Introduction to the Transitional Gothic Script","Humanities, History, Design, Religion, and Education"
History of the Book: The Medieval Book of Hours: Art and Devotion in the Later Middle Ages,"Humanities, History, Design, Religion, and Education"
History of the Book: Books in the Medieval Liturgy,"Humanities, History, Design, Religion, and Education"
Foundations of Development Policy: Advanced Development Economics,"Government, Health, and Social Science"
Atomic and Optical Physics: Resonance,"Science, Technology, Engineering, and Mathematics"
A Global History of Architecture,"Humanities, History, Design, Religion, and Education"
Introduction to Aerodynamics,"Science, Technology, Engineering, and Mathematics"
Circuits and Electronics: Basic Circuit Analysis,"Science, Technology, Engineering, and Mathematics"
"Circuits and Electronics: Amplification, Speed, and Delay","Science, Technology, Engineering, and Mathematics"
Circuits and Electronics: Applications,"Science, Technology, Engineering, and Mathematics"
Supply Chain Design,"Government, Health, and Social Science"
"Saving Schools: History, Politics, and Policy of U.S. Education – History and Politics in U.S. Education","Humanities, History, Design, Religion, and Education"
"Saving Schools: History, Politics, and Policy of U.S. Education – Teacher Policies","Humanities, History, Design, Religion, and Education"
"Saving Schools: History, Politics, and Policy of U.S. Education – Accountability and National Standards","Humanities, History, Design, Religion, and Education"
"Saving Schools: History, Politics, and Policy of U.S. Education – School Choice","Humanities, History, Design, Religion, and Education"
Justice,"Humanities, History, Design, Religion, and Education"
Underactuated Robotics,"Science, Technology, Engineering, and Mathematics"
Principles of Synthetic Biology,"Science, Technology, Engineering, and Mathematics"
Evaluating Social Programs,"Government, Health, and Social Science"
Super-Earths and Life,"Science, Technology, Engineering, and Mathematics"
"Mechanical Behavior of Materials: Stress Transformations, Beams, Columns, and Cellular Solids","Science, Technology, Engineering, and Mathematics"
Data Analysis for Genomics: Statistics and R,"Government, Health, and Social Science"
Atomic and Optical Physics: Atomic structure and atoms in external field,"Science, Technology, Engineering, and Mathematics"
Introduction to Computational Thinking and Data Science,Computer Science
Political and Intellectual Foundations: From the Sage Kings to Confucius and the Legalists,"Humanities, History, Design, Religion, and Education"
The Creation and End of Centralized Empire,"Humanities, History, Design, Religion, and Education"
Cosmopolitan Tang: Aristocratic Culture,"Humanities, History, Design, Religion, and Education"
Literati China: Examinations and Neo-Confucianism,"Humanities, History, Design, Religion, and Education"
From a Global Empire under the Mongols to a Global Economy under the Ming Dynasty,"Humanities, History, Design, Religion, and Education"
Making Biologic Medicines for Patients: The Principles of Biopharmaceutical Manufacturing,"Government, Health, and Social Science"
Molecular Biology: Transcription and Transposition,"Science, Technology, Engineering, and Mathematics"
"Greater China Today: The Peoples Republic, Taiwan, and Hong Kong","Humanities, History, Design, Religion, and Education"
The Manchus and the Qing Dynasty,"Humanities, History, Design, Religion, and Education"
"Invasions, Rebellions and the Fall of Imperial China","Humanities, History, Design, Religion, and Education"
Creating Modern China: The Birth of a Nation,"Humanities, History, Design, Religion, and Education"
China and Communism,"Humanities, History, Design, Religion, and Education"
"Visualizing Japan (1850s-1930s): Westernization, Protest, Modernity","Humanities, History, Design, Religion, and Education"
Mechanical Behavior of Materials: Time Dependent Behavior and Failure,"Science, Technology, Engineering, and Mathematics"
Data Analysis for Genomics: Matrix Algebra and Linear Models,"Government, Health, and Social Science"
First Nights: Handel’s Messiah and Baroque Oratorio,"Humanities, History, Design, Religion, and Education"
Atomic and Optical Physics: Atom-Light Interactions 1 -- Matrix elements and quantized field,"Science, Technology, Engineering, and Mathematics"
Computation Structures: Computer Architecture,Computer Science
Philosophy: Minds and Machines,"Humanities, History, Design, Religion, and Education"
Calculus: Integration,"Science, Technology, Engineering, and Mathematics"
Lessons from Ebola: Preventing the Next Pandemic,"Government, Health, and Social Science"
Atomic and Optical Physics: Atom-Light Interactions 2: Line Broadening and Two-Photon Transitions,"Science, Technology, Engineering, and Mathematics"
Data Analysis for Genomics: Statistical Inference and Modeling for High-throughput Experiments,"Government, Health, and Social Science"
Introduction to Computer Science (2016),Computer Science
Introduction to Feedback Control Theory,"Science, Technology, Engineering, and Mathematics"
Contracts Law: From Trust to Promise to Contract,"Government, Health, and Social Science"
Advanced Introductory Classical Mechanics,"Science, Technology, Engineering, and Mathematics"
Introduction to Computer Science and Programming Using Python,Computer Science
Data Analysis for Genomics: Introduction to High-Dimensional Data Analysis,"Government, Health, and Social Science"
Atomic and Optical Physics: Coherence,"Science, Technology, Engineering, and Mathematics"
Practical Improvement Science in Health Care: A Roadmap for Getting Results,"Government, Health, and Social Science"
First Nights: Beethovens 9th Symphony,"Humanities, History, Design, Religion, and Education"
Readings in Global Health,"Government, Health, and Social Science"
Becoming an Entrepreneur,"Government, Health, and Social Science"
"Cellular Solids: Structures, Properties and Engineering Applications","Science, Technology, Engineering, and Mathematics"
Design and Development of Educational Technology,"Humanities, History, Design, Religion, and Education"
Mobile Application Experiences: From a Domain to an App Idea,Computer Science
Introduction to Probability: The Science of Uncertainty,"Science, Technology, Engineering, and Mathematics"
Flight Vehicle Aerodynamics,"Science, Technology, Engineering, and Mathematics"
Supply Chain and Logistics Fundamentals,"Government, Health, and Social Science"
Data Analysis for Genomics: Introduction to Bioconductor: Annotation and Analysis of Genomes and Genomic Assays,"Government, Health, and Social Science"
The Einstein Revolution,"Humanities, History, Design, Religion, and Education"
Global Warming Science,"Science, Technology, Engineering, and Mathematics"
Mastering Quantum Mechanics: Wave Mechanics,"Science, Technology, Engineering, and Mathematics"
The Challenges of Global Poverty,"Government, Health, and Social Science"
Global Health Case Studies from a Biosocial Perspective,"Government, Health, and Social Science"
Mobile Application Experiences: Mobile App Design,Computer Science
"World Religions Through their Scriptures: Religious Literacy, Traditions and Scriptures","Humanities, History, Design, Religion, and Education"
Introduction to Computational Thinking and Data Science,Computer Science
Data Analysis for Genomics: High-performance Computing for Reproducible Genomics,"Government, Health, and Social Science"
Contracts Law: From Trust to Promise to Contract,"Government, Health, and Social Science"
Mastering Quantum Mechanics: Quantum Dynamics,"Science, Technology, Engineering, and Mathematics"
Mobile Application Experiences: Building Mobile Apps,Computer Science
Shaping the Future of Work,"Government, Health, and Social Science"
Calculus: Coordinate Systems and Infinite Series,"Science, Technology, Engineering, and Mathematics"
Quantitative Biology Workshop,"Science, Technology, Engineering, and Mathematics"
World Religions Through their Scriptures: Christianity,"Humanities, History, Design, Religion, and Education"
Poetry in America: Modernism,"Humanities, History, Design, Religion, and Education"
Cellular Solids: Applications in Medicine,"Science, Technology, Engineering, and Mathematics"
The Analytics Edge,"Government, Health, and Social Science"
Data Analysis for Genomics: Case Studies in Functional Genomics,"Government, Health, and Social Science"
Introduction to Data Wise: A Collaborative Process to Improve Learning and Teaching,"Humanities, History, Design, Religion, and Education"
Just Money: Banking as if Society Mattered,"Government, Health, and Social Science"
Mobile Application Experiences: Understanding Use,Computer Science
Introduction to Game Design,"Humanities, History, Design, Religion, and Education"
Mastering Quantum Mechanics: Entanglement and Angular Momentum,"Science, Technology, Engineering, and Mathematics"
First Nights: Orfeo,"Humanities, History, Design, Religion, and Education"
Evaluating Social Programs,"Government, Health, and Social Science"
World Religions Through their Scriptures: Buddhism,"Humanities, History, Design, Religion, and Education"
Leaders of Learning,"Humanities, History, Design, Religion, and Education"
Cellular Solids: Applications in Nature,"Science, Technology, Engineering, and Mathematics"
Supply Chain Design,"Government, Health, and Social Science"
Mobile Application Experiences: Reporting Research Findings,Computer Science
Cell Biology: Mitochondria,"Science, Technology, Engineering, and Mathematics"
Electronic Materials and Devices,"Science, Technology, Engineering, and Mathematics"
World Religions Through Their Scriptures: Islam,"Humanities, History, Design, Religion, and Education"
Molecular Biology: DNA Replication and Repair,"Science, Technology, Engineering, and Mathematics"
Introduction to Computer Science and Programming,Computer Science
Energy Within Environmental Constraints,"Science, Technology, Engineering, and Mathematics"
Making Biologic Medicines for Patients: The Principles of Biopharmaceutical Manufacturing,"Government, Health, and Social Science"
Elements of Structures,"Science, Technology, Engineering, and Mathematics"
Becoming an Entrepreneur,"Government, Health, and Social Science"
Circuits and Electronics: Basic Circuit Analysis,"Science, Technology, Engineering, and Mathematics"
"Circuits and Electronics: Amplification, Speed, and Delay","Science, Technology, Engineering, and Mathematics"
Optical Materials and Devices,"Science, Technology, Engineering, and Mathematics"
World Religions Through their Scriptures: Hinduism,"Humanities, History, Design, Religion, and Education"
Implementation and Evaluation of Educational Technology,"Humanities, History, Design, Religion, and Education"
First Nights: Symphonie Fantastique,"Humanities, History, Design, Religion, and Education"
Introduction to Family Engagement in Education,"Humanities, History, Design, Religion, and Education"
Introduction to Control System Design,"Science, Technology, Engineering, and Mathematics"
Introduction to State Space Control,"Science, Technology, Engineering, and Mathematics"
Magnetic Materials and Devices,"Science, Technology, Engineering, and Mathematics"